model,split,threshold,precision,recall,f1,roc_auc,pr_auc,tn,fp,fn,tp
random_forest,test_selected_threshold,0.35000000000000003,0.15634858044164038,0.5762296198737454,0.24596058970059415,0.6826048847849399,0.1677880253995363,151739,68464,9331,12688
